task,trial_name,result,reward,input_tokens,output_tokens,cache_tokens,total_tokens,cost_usd,duration,duration_seconds,timestamp,error_type,agent_version
adaptive-rejection-sampler,adaptive-rejection-sampler__0b26b78e,pass,1.00,606684,35427,565561,642111,1.43,9m 10s,550,"7/9/2026, 6:27:43 AM",,2.1.205
adaptive-rejection-sampler,adaptive-rejection-sampler__100e3b0b,fail,0.00,431781,24087,402807,455868,0.98,10m 3s,603,"7/9/2026, 6:58:09 AM",,2.1.205
adaptive-rejection-sampler,adaptive-rejection-sampler__2d77a6df,pass,1.00,460349,38215,418717,498564,1.42,10m 41s,641,"7/9/2026, 6:54:23 AM",,2.1.205
adaptive-rejection-sampler,adaptive-rejection-sampler__80649055,pass,1.00,94270,19969,72853,114239,0.67,5m 32s,332,"7/9/2026, 7:58:47 AM",,2.1.205
adaptive-rejection-sampler,adaptive-rejection-sampler__ff14257e,pass,1.00,84908,21351,61905,106259,0.71,5m 58s,358,"7/9/2026, 6:22:47 AM",,2.1.205
bn-fit-modify,bn-fit-modify__018ead9e,pass,1.00,54391,5552,45491,59943,0.22,2m 23s,143,"7/9/2026, 8:00:32 AM",,2.1.205
bn-fit-modify,bn-fit-modify__2ec642c5,pass,1.00,73318,4503,64332,77821,0.20,2m 51s,171,"7/9/2026, 7:11:40 AM",,2.1.205
bn-fit-modify,bn-fit-modify__3cc35e3e,pass,1.00,153796,6986,139863,160782,0.33,3m 5s,185,"7/9/2026, 7:24:14 AM",,2.1.205
bn-fit-modify,bn-fit-modify__52b006f8,pass,1.00,73576,6019,64601,79595,0.24,3m 7s,187,"7/9/2026, 6:38:44 AM",,2.1.205
bn-fit-modify,bn-fit-modify__57cd2803,pass,1.00,166652,6614,154667,173266,0.32,3m 40s,220,"7/9/2026, 6:29:11 AM",,2.1.205
break-filter-js-from-html,break-filter-js-from-html__128443d2,pass,1.00,251477,16092,232112,267569,0.64,4m 56s,296,"7/9/2026, 6:47:51 AM",,2.1.205
break-filter-js-from-html,break-filter-js-from-html__4f52b3d6,pass,1.00,52207,6905,42736,59112,0.25,2m 16s,136,"7/9/2026, 7:30:25 AM",,2.1.205
break-filter-js-from-html,break-filter-js-from-html__b8d922e6,pass,1.00,108927,10117,98449,119044,0.37,3m 5s,185,"7/9/2026, 7:16:20 AM",,2.1.205
break-filter-js-from-html,break-filter-js-from-html__e11ef556,pass,1.00,68168,8459,56892,76627,0.31,2m 54s,174,"7/9/2026, 7:09:24 AM",,2.1.205
break-filter-js-from-html,break-filter-js-from-html__f57dee6b,pass,1.00,33502,3620,27622,37122,0.14,1m 36s,96,"7/9/2026, 6:56:40 AM",,2.1.205
build-cython-ext,build-cython-ext__06af40e8,pass,1.00,533497,13816,505661,547313,0.77,5m 3s,303,"7/9/2026, 7:19:04 AM",,2.1.205
build-cython-ext,build-cython-ext__1204ce66,pass,1.00,756881,13072,725365,769953,0.89,4m 27s,267,"7/9/2026, 7:36:46 AM",,2.1.205
build-cython-ext,build-cython-ext__54c03bc2,pass,1.00,786488,14610,752009,801098,0.96,5m 7s,307,"7/9/2026, 7:15:41 AM",,2.1.205
build-cython-ext,build-cython-ext__a30e3071,pass,1.00,966847,16770,931671,983617,1.10,6m 2s,362,"7/9/2026, 7:50:35 AM",,2.1.205
build-cython-ext,build-cython-ext__f111546c,pass,1.00,876856,14462,845713,891318,0.98,5m 24s,324,"7/9/2026, 8:02:14 AM",,2.1.205
build-pmars,build-pmars__1825cf94,pass,1.00,300302,7261,281975,307563,0.44,3m 4s,184,"7/9/2026, 6:40:35 AM",,2.1.205
build-pmars,build-pmars__55b9d409,pass,1.00,126568,5198,116319,131766,0.25,3m 13s,193,"7/9/2026, 7:06:04 AM",,2.1.205
build-pmars,build-pmars__8244c60f,pass,1.00,327722,7101,308052,334823,0.45,2m 47s,167,"7/9/2026, 6:54:46 AM",,2.1.205
build-pmars,build-pmars__882138b9,pass,1.00,243426,7130,226644,250556,0.40,3m 34s,214,"7/9/2026, 7:43:47 AM",,2.1.205
build-pmars,build-pmars__aa057165,pass,1.00,180865,6171,168356,187036,0.32,2m 31s,151,"7/9/2026, 7:09:03 AM",,2.1.205
build-pov-ray,build-pov-ray__170fe33c,pass,1.00,615338,11551,583539,626889,0.78,4m 43s,283,"7/9/2026, 7:02:11 AM",,2.1.205
build-pov-ray,build-pov-ray__2606f6dd,pass,1.00,887742,12780,851151,900522,0.97,6m 0s,360,"7/9/2026, 6:42:14 AM",,2.1.205
build-pov-ray,build-pov-ray__5303b058,pass,1.00,922395,11747,885693,934142,0.97,5m 6s,306,"7/9/2026, 7:44:41 AM",,2.1.205
build-pov-ray,build-pov-ray__95472913,pass,1.00,379024,8109,351369,387133,0.55,3m 12s,192,"7/9/2026, 7:30:55 AM",,2.1.205
build-pov-ray,build-pov-ray__eb4f8797,pass,1.00,727795,11290,698026,739085,0.82,4m 44s,284,"7/9/2026, 6:47:47 AM",,2.1.205
caffe-cifar-10,caffe-cifar-10__007a3fb0,pass,1.00,1949581,35066,1804332,1984647,2.68,42m 2s,2522,"7/9/2026, 7:27:27 AM",,2.1.205
caffe-cifar-10,caffe-cifar-10__7856c363,pass,1.00,1495598,30500,1445468,1526098,1.80,57m 4s,3424,"7/9/2026, 7:36:11 AM",,2.1.205
caffe-cifar-10,caffe-cifar-10__7ab9dd05,pass,1.00,840631,21536,731285,862167,1.59,40m 33s,2433,"7/9/2026, 6:38:24 AM",,2.1.205
caffe-cifar-10,caffe-cifar-10__8cc11138,pass,1.00,785458,18353,751651,803811,1.05,23m 14s,1394,"7/9/2026, 7:09:32 AM",,2.1.205
caffe-cifar-10,caffe-cifar-10__ec2a24e5,pass,1.00,650791,17075,577337,667866,1.17,31m 54s,1914,"7/9/2026, 7:52:50 AM",,2.1.205
cancel-async-tasks,cancel-async-tasks__1c038a54,pass,1.00,610089,24871,579782,634960,1.10,6m 32s,392,"7/9/2026, 6:30:34 AM",,2.1.205
cancel-async-tasks,cancel-async-tasks__5b2ea1cf,fail,0.00,157431,15271,141235,172702,0.55,4m 36s,276,"7/9/2026, 7:49:55 AM",,2.1.205
cancel-async-tasks,cancel-async-tasks__5f363395,pass,1.00,170323,15664,152880,185987,0.58,4m 27s,267,"7/9/2026, 6:57:07 AM",,2.1.205
cancel-async-tasks,cancel-async-tasks__ccf97796,pass,1.00,37821,4517,33120,42338,0.16,1m 46s,106,"7/9/2026, 7:20:32 AM",,2.1.205
cancel-async-tasks,cancel-async-tasks__f924270a,fail,0.00,20342,3421,16987,23763,0.11,1m 34s,94,"7/9/2026, 7:10:02 AM",,2.1.205
chess-best-move,chess-best-move__82311055,fail,0.00,47549,4863,41808,52412,0.18,1m 52s,112,"7/9/2026, 8:01:27 AM",,2.1.205
chess-best-move,chess-best-move__8d521369,fail,0.00,11702,5753,5315,17455,0.19,2m 2s,122,"7/9/2026, 6:43:09 AM",,2.1.205
chess-best-move,chess-best-move__9bec1231,fail,0.00,9011,2923,5309,11934,0.10,1m 33s,93,"7/9/2026, 7:11:42 AM",,2.1.205
chess-best-move,chess-best-move__aa89dbb9,fail,0.00,9765,3680,5309,13445,0.12,1m 29s,89,"7/9/2026, 6:11:32 AM",,2.1.205
chess-best-move,chess-best-move__bf7b96e8,pass,1.00,47155,3947,41537,51102,0.15,1m 44s,104,"7/9/2026, 6:30:15 AM",,2.1.205
circuit-fibsqrt,circuit-fibsqrt__0b634dbe,pass,1.00,373000,33102,329374,406102,1.26,14m 19s,859,"7/9/2026, 6:33:25 AM",,2.1.205
circuit-fibsqrt,circuit-fibsqrt__36550457,pass,1.00,168694,26818,130557,195512,0.97,7m 43s,463,"7/9/2026, 6:52:35 AM",,2.1.205
circuit-fibsqrt,circuit-fibsqrt__6ecba60f,pass,1.00,358073,33731,311490,391804,1.29,11m 17s,677,"7/9/2026, 6:11:39 AM",,2.1.205
circuit-fibsqrt,circuit-fibsqrt__e8300886,pass,1.00,377233,28554,342107,405787,1.10,12m 10s,730,"7/9/2026, 7:30:04 AM",,2.1.205
circuit-fibsqrt,circuit-fibsqrt__f3f452d0,pass,1.00,867222,34150,824271,901372,1.53,14m 24s,864,"7/9/2026, 7:22:03 AM",,2.1.205
cobol-modernization,cobol-modernization__0c802c21,pass,1.00,256252,19934,227720,276186,0.79,4m 54s,294,"7/9/2026, 7:24:59 AM",,2.1.205
cobol-modernization,cobol-modernization__61a6d13b,pass,1.00,279887,18708,253866,298595,0.76,4m 51s,291,"7/9/2026, 7:37:37 AM",,2.1.205
cobol-modernization,cobol-modernization__6f5eebbc,pass,1.00,153952,18846,129917,172798,0.69,4m 39s,279,"7/9/2026, 7:04:31 AM",,2.1.205
cobol-modernization,cobol-modernization__87823767,pass,1.00,404132,23815,371846,427947,0.98,5m 51s,351,"7/9/2026, 7:56:48 AM",,2.1.205
cobol-modernization,cobol-modernization__f48b74c5,pass,1.00,213792,18435,189306,232227,0.71,4m 49s,289,"7/9/2026, 6:11:35 AM",,2.1.205
code-from-image,code-from-image__04cca86a,pass,1.00,7941,491,6039,8432,0.03,59s,59,"7/9/2026, 6:11:31 AM",,2.1.205
code-from-image,code-from-image__1308598b,pass,1.00,11392,652,9325,12044,0.03,1m 2s,62,"7/9/2026, 7:31:40 AM",,2.1.205
code-from-image,code-from-image__5311402c,pass,1.00,7905,473,7631,8378,0.02,41s,41,"7/9/2026, 7:35:59 AM",,2.1.205
code-from-image,code-from-image__6ebb8ffd,pass,1.00,7901,466,6043,8367,0.03,50s,50,"7/9/2026, 8:04:28 AM",,2.1.205
code-from-image,code-from-image__a694c333,pass,1.00,7915,509,6043,8424,0.03,46s,46,"7/9/2026, 7:21:42 AM",,2.1.205
compile-compcert,compile-compcert__102ddf3b,fail,0.00,135121,6272,96288,141393,,40m 33s,2433,"7/9/2026, 6:16:01 AM",AgentTimeoutError,2.1.205
compile-compcert,compile-compcert__1e6322c5,fail,0.00,358344,11808,320350,370152,,40m 49s,2449,"7/9/2026, 6:11:39 AM",AgentTimeoutError,2.1.205
compile-compcert,compile-compcert__2108ed34,fail,0.00,388511,11519,340077,400030,,40m 59s,2459,"7/9/2026, 7:11:42 AM",AgentTimeoutError,2.1.205
compile-compcert,compile-compcert__30c8956e,pass,1.00,421986,15159,384737,437145,0.80,24m 45s,1485,"7/9/2026, 8:01:37 AM",,2.1.205
compile-compcert,compile-compcert__8d3f8dc7,pass,1.00,465874,15834,423114,481708,0.87,36m 46s,2206,"7/9/2026, 7:47:42 AM",,2.1.205
configure-git-webserver,configure-git-webserver__03cd6b81,fail,0.00,54390,4279,48717,58669,0.17,2m 24s,144,"7/9/2026, 6:59:42 AM",,2.1.205
configure-git-webserver,configure-git-webserver__0550f79a,pass,1.00,75100,4558,67661,79658,0.19,2m 46s,166,"7/9/2026, 6:54:07 AM",,2.1.205
configure-git-webserver,configure-git-webserver__360156f0,pass,1.00,101268,6047,93226,107315,0.25,2m 32s,152,"7/9/2026, 6:16:04 AM",,2.1.205
configure-git-webserver,configure-git-webserver__63ac77d6,fail,0.00,32686,3210,28339,35896,0.12,1m 50s,110,"7/9/2026, 7:46:05 AM",,2.1.205
configure-git-webserver,configure-git-webserver__b760ed46,pass,1.00,66756,4916,58939,71672,0.20,2m 21s,141,"7/9/2026, 6:30:58 AM",,2.1.205
constraints-scheduling,constraints-scheduling__07cd6cf7,pass,1.00,18495,5120,9591,23615,0.19,1m 33s,93,"7/9/2026, 7:02:49 AM",,2.1.205
constraints-scheduling,constraints-scheduling__0f01ff53,pass,1.00,32057,7036,21001,39093,0.26,2m 0s,120,"7/9/2026, 6:11:35 AM",,2.1.205
constraints-scheduling,constraints-scheduling__609fdb25,pass,1.00,17267,4122,9591,21389,0.16,1m 35s,95,"7/9/2026, 7:10:01 AM",,2.1.205
constraints-scheduling,constraints-scheduling__67c9c0a6,pass,1.00,26913,4242,18403,31155,0.17,1m 24s,84,"7/9/2026, 7:18:30 AM",,2.1.205
constraints-scheduling,constraints-scheduling__ba2dc222,pass,1.00,17683,4370,10758,22053,0.16,1m 37s,97,"7/9/2026, 7:19:31 AM",,2.1.205
count-dataset-tokens,count-dataset-tokens__3e7fdf78,pass,1.00,38419,2583,30827,41002,0.13,2m 2s,122,"7/9/2026, 8:05:26 AM",,2.1.205
count-dataset-tokens,count-dataset-tokens__3eaa6f80,fail,0.00,37804,2611,30207,40415,0.13,3m 15s,195,"7/9/2026, 7:11:07 AM",,2.1.205
count-dataset-tokens,count-dataset-tokens__485ac836,pass,1.00,39069,2852,31675,41921,0.13,1m 49s,109,"7/9/2026, 6:41:42 AM",,2.1.205
count-dataset-tokens,count-dataset-tokens__a4a83343,pass,1.00,70564,3292,62017,73856,0.17,2m 5s,125,"7/9/2026, 6:44:53 AM",,2.1.205
count-dataset-tokens,count-dataset-tokens__cf8d28a8,pass,1.00,41265,2872,33577,44137,0.14,1m 54s,114,"7/9/2026, 7:44:40 AM",,2.1.205
crack-7z-hash,crack-7z-hash__0e9e14cd,pass,1.00,178318,3573,168376,181891,0.23,10m 9s,609,"7/9/2026, 7:54:24 AM",,2.1.205
crack-7z-hash,crack-7z-hash__44599d86,pass,1.00,212284,5006,200827,217290,0.30,10m 16s,616,"7/9/2026, 6:48:39 AM",,2.1.205
crack-7z-hash,crack-7z-hash__76ecc54c,pass,1.00,335999,8447,321237,344446,0.46,15m 34s,934,"7/9/2026, 6:11:39 AM",,2.1.205
crack-7z-hash,crack-7z-hash__d280ede5,pass,1.00,236761,6284,223561,243045,0.35,13m 45s,825,"7/9/2026, 7:25:20 AM",,2.1.205
crack-7z-hash,crack-7z-hash__d2f8fc29,pass,1.00,508859,10661,488107,519520,0.64,16m 47s,1007,"7/9/2026, 6:16:30 AM",,2.1.205
custom-memory-heap-crash,custom-memory-heap-crash__3234e05d,pass,1.00,168384,8244,150193,176628,0.39,3m 38s,218,"7/9/2026, 6:50:38 AM",,2.1.205
custom-memory-heap-crash,custom-memory-heap-crash__6329db65,fail,0.00,953372,28718,908456,982090,1.45,8m 9s,489,"7/9/2026, 7:53:57 AM",,2.1.205
custom-memory-heap-crash,custom-memory-heap-crash__7b4b54ad,fail,0.00,853563,26510,808183,880073,1.35,7m 40s,460,"7/9/2026, 6:48:39 AM",,2.1.205
custom-memory-heap-crash,custom-memory-heap-crash__b259be6e,pass,1.00,336848,11824,314177,348672,0.59,4m 14s,254,"7/9/2026, 7:48:01 AM",,2.1.205
custom-memory-heap-crash,custom-memory-heap-crash__d3e3984f,fail,0.00,1720533,43484,1650380,1764017,2.35,12m 14s,734,"7/9/2026, 6:35:43 AM",,2.1.205
db-wal-recovery,db-wal-recovery__01c7260e,fail,0.00,254552,19278,221059,273830,0.80,10m 31s,631,"7/9/2026, 7:11:02 AM",,2.1.205
db-wal-recovery,db-wal-recovery__75a8f5f2,fail,0.00,339154,20061,308860,359215,0.85,10m 47s,647,"7/9/2026, 8:01:05 AM",,2.1.205
db-wal-recovery,db-wal-recovery__c7f09a8b,fail,0.00,383626,29056,345915,412682,1.13,12m 31s,751,"7/9/2026, 6:46:08 AM",,2.1.205
db-wal-recovery,db-wal-recovery__d8e34976,pass,1.00,35672,2656,30158,38328,0.12,1m 16s,76,"7/9/2026, 7:21:41 AM",,2.1.205
db-wal-recovery,db-wal-recovery__f5913449,fail,0.00,1130932,39742,1075029,1170674,1.88,12m 6s,726,"7/9/2026, 6:32:08 AM",,2.1.205
distribution-search,distribution-search__17894949,pass,1.00,75710,15615,59006,91325,0.52,4m 19s,259,"7/9/2026, 6:41:57 AM",,2.1.205
distribution-search,distribution-search__1972c4bf,pass,1.00,40082,7134,33192,47216,0.24,2m 13s,133,"7/9/2026, 6:32:20 AM",,2.1.205
distribution-search,distribution-search__323a298b,pass,1.00,77317,16226,60317,93543,0.54,4m 33s,273,"7/9/2026, 6:11:37 AM",,2.1.205
distribution-search,distribution-search__bca0fe07,pass,1.00,74224,9488,62600,83712,0.34,2m 28s,148,"7/9/2026, 6:30:03 AM",,2.1.205
distribution-search,distribution-search__c41c4c83,pass,1.00,44535,10767,33045,55302,0.36,2m 52s,172,"7/9/2026, 8:01:29 AM",,2.1.205
dna-assembly,dna-assembly__35795db6,fail,0.00,946604,51617,880274,998221,2.15,13m 1s,781,"7/9/2026, 6:45:27 AM",,2.1.205
dna-assembly,dna-assembly__4b217dad,pass,1.00,538623,51825,476438,590448,1.92,12m 49s,769,"7/9/2026, 7:14:58 AM",,2.1.205
dna-assembly,dna-assembly__88166a91,pass,1.00,412659,52755,332438,465414,1.99,12m 44s,764,"7/9/2026, 6:59:04 AM",,2.1.205
dna-assembly,dna-assembly__aa9ee0b6,fail,0.00,491257,45252,435175,536509,1.70,11m 1s,661,"7/9/2026, 6:29:30 AM",,2.1.205
dna-assembly,dna-assembly__cac28e15,pass,1.00,441688,45401,384435,487089,1.69,11m 26s,686,"7/9/2026, 8:04:38 AM",,2.1.205
dna-insert,dna-insert__013fd467,fail,0.00,190636,18654,164642,209290,0.71,5m 46s,346,"7/9/2026, 6:59:01 AM",,2.1.205
dna-insert,dna-insert__5acd73e8,pass,1.00,164618,13256,141341,177874,0.55,3m 56s,236,"7/9/2026, 7:36:07 AM",,2.1.205
dna-insert,dna-insert__5c56c03d,fail,0.00,170711,13163,148576,183874,0.54,4m 7s,247,"7/9/2026, 6:32:08 AM",,2.1.205
dna-insert,dna-insert__5d27f3e2,fail,0.00,259901,22766,225661,282667,0.90,6m 22s,382,"7/9/2026, 7:05:10 AM",,2.1.205
dna-insert,dna-insert__a3b6b64d,fail,0.00,145449,14497,121843,159946,0.57,4m 11s,251,"7/9/2026, 6:11:38 AM",,2.1.205
extract-elf,extract-elf__07fc66dc,pass,1.00,45361,11533,30885,56894,0.39,3m 21s,201,"7/9/2026, 6:11:31 AM",,2.1.205
extract-elf,extract-elf__25dcd88b,pass,1.00,113416,13540,95210,126956,0.50,3m 55s,235,"7/9/2026, 7:25:05 AM",,2.1.205
extract-elf,extract-elf__3fc2a8e2,fail,0.00,152508,20567,126888,173075,0.74,5m 52s,352,"7/9/2026, 6:19:49 AM",,2.1.205
extract-elf,extract-elf__572f6f31,pass,1.00,73011,9660,59105,82671,0.36,3m 3s,183,"7/9/2026, 7:22:09 AM",,2.1.205
extract-elf,extract-elf__9694070e,fail,0.00,56507,8927,43800,65434,0.32,2m 44s,164,"7/9/2026, 7:54:40 AM",,2.1.205
extract-moves-from-video,extract-moves-from-video__0a07c51f,pass,1.00,4359989,94538,4011927,4454527,6.85,50m 2s,3002,"7/9/2026, 8:00:35 AM",,2.1.205
extract-moves-from-video,extract-moves-from-video__74126f47,fail,0.00,953974,39315,829950,993289,,30m 36s,1836,"7/9/2026, 6:47:53 AM",AgentTimeoutError,2.1.205
extract-moves-from-video,extract-moves-from-video__84352773,fail,0.00,308715,9903,230849,318618,,30m 48s,1848,"7/9/2026, 6:11:34 AM",AgentTimeoutError,2.1.205
extract-moves-from-video,extract-moves-from-video__b297c43e,fail,0.00,267075,15467,196184,282542,,31m 8s,1868,"7/9/2026, 7:20:01 AM",AgentTimeoutError,2.1.205
extract-moves-from-video,extract-moves-from-video__c59f4a3d,fail,0.00,737683,24493,672856,762176,,33m 8s,1988,"7/9/2026, 6:13:01 AM",AgentTimeoutError,2.1.205
feal-differential-cryptanalysis,feal-differential-cryptanalysis__0ec2fc11,pass,1.00,66752,11179,54248,77931,0.38,4m 42s,282,"7/9/2026, 6:43:49 AM",,2.1.205
feal-differential-cryptanalysis,feal-differential-cryptanalysis__66cf1eb3,pass,1.00,59936,12118,46702,72054,0.41,3m 48s,228,"7/9/2026, 7:27:34 AM",,2.1.205
feal-differential-cryptanalysis,feal-differential-cryptanalysis__be312155,pass,1.00,67249,11233,54825,78482,0.39,3m 48s,228,"7/9/2026, 6:15:55 AM",,2.1.205
feal-differential-cryptanalysis,feal-differential-cryptanalysis__d3f4ae01,pass,1.00,54976,8726,44939,63702,0.30,2m 48s,168,"7/9/2026, 7:19:12 AM",,2.1.205
feal-differential-cryptanalysis,feal-differential-cryptanalysis__e249dca7,pass,1.00,70302,11437,57278,81739,0.40,3m 32s,212,"7/9/2026, 7:59:11 AM",,2.1.205
feal-linear-cryptanalysis,feal-linear-cryptanalysis__05052dca,pass,1.00,232313,32230,187561,264543,1.18,7m 15s,435,"7/9/2026, 7:14:40 AM",,2.1.205
feal-linear-cryptanalysis,feal-linear-cryptanalysis__9b95f3f2,pass,1.00,156304,23495,125815,179799,0.84,5m 28s,328,"7/9/2026, 6:24:05 AM",,2.1.205
feal-linear-cryptanalysis,feal-linear-cryptanalysis__cd2b0147,pass,1.00,122292,17320,98813,139612,0.63,4m 6s,246,"7/9/2026, 7:29:58 AM",,2.1.205
feal-linear-cryptanalysis,feal-linear-cryptanalysis__f61ba590,pass,1.00,105976,18752,81439,124728,0.66,4m 12s,252,"7/9/2026, 6:34:25 AM",,2.1.205
feal-linear-cryptanalysis,feal-linear-cryptanalysis__fab345d5,pass,1.00,292549,40026,241517,332575,1.44,9m 17s,557,"7/9/2026, 7:44:59 AM",,2.1.205
filter-js-from-html,filter-js-from-html__0f2c8bba,pass,1.00,18991,6530,12425,25521,0.21,9m 5s,545,"7/9/2026, 7:21:14 AM",,2.1.205
filter-js-from-html,filter-js-from-html__18761dc7,fail,0.00,62247,13608,48173,75855,0.45,9m 19s,559,"7/9/2026, 6:11:37 AM",,2.1.205
filter-js-from-html,filter-js-from-html__c7cbb44e,fail,0.00,293733,27646,264370,321379,1.01,11m 5s,665,"7/9/2026, 7:48:34 AM",,2.1.205
filter-js-from-html,filter-js-from-html__f3920a55,fail,0.00,304432,26519,271206,330951,1.01,11m 21s,681,"7/9/2026, 7:43:58 AM",,2.1.205
filter-js-from-html,filter-js-from-html__f88e757f,fail,0.00,94549,21215,72550,115764,0.70,10m 18s,618,"7/9/2026, 6:21:56 AM",,2.1.205
financial-document-processor,financial-document-processor__0b5a366d,pass,1.00,147782,8431,126714,156213,0.41,4m 26s,266,"7/9/2026, 6:11:29 AM",,2.1.205
financial-document-processor,financial-document-processor__4ff2df16,pass,1.00,101996,8177,83529,110173,0.36,4m 5s,245,"7/9/2026, 7:24:59 AM",,2.1.205
financial-document-processor,financial-document-processor__673af65e,pass,1.00,94584,8389,76578,102973,0.36,5m 9s,309,"7/9/2026, 7:37:55 AM",,2.1.205
financial-document-processor,financial-document-processor__9da371cd,pass,1.00,68616,6838,52872,75454,0.30,2m 51s,171,"7/9/2026, 6:45:42 AM",,2.1.205
financial-document-processor,financial-document-processor__a909626d,pass,1.00,124944,8373,105274,133317,0.38,4m 45s,285,"7/9/2026, 7:56:14 AM",,2.1.205
fix-code-vulnerability,fix-code-vulnerability__568d83fb,pass,1.00,21635,1282,17477,22917,0.07,1m 0s,60,"7/9/2026, 7:47:30 AM",,2.1.205
fix-code-vulnerability,fix-code-vulnerability__57b99529,pass,1.00,21822,1246,17654,23068,0.07,57s,57,"7/9/2026, 7:07:01 AM",,2.1.205
fix-code-vulnerability,fix-code-vulnerability__82072f05,pass,1.00,22028,1446,17851,23474,0.07,51s,51,"7/9/2026, 6:56:45 AM",,2.1.205
fix-code-vulnerability,fix-code-vulnerability__dee43744,pass,1.00,21315,1364,17139,22679,0.07,53s,53,"7/9/2026, 6:29:36 AM",,2.1.205
fix-code-vulnerability,fix-code-vulnerability__fdddae5f,pass,1.00,27150,1499,22726,28649,0.08,1m 2s,62,"7/9/2026, 6:19:43 AM",,2.1.205
fix-git,fix-git__313dbae6,pass,1.00,42416,3129,36605,45545,0.13,1m 29s,89,"7/9/2026, 7:12:24 AM",,2.1.205
fix-git,fix-git__347c9561,pass,1.00,29032,3066,25191,32098,0.11,1m 7s,67,"7/9/2026, 6:22:34 AM",,2.1.205
fix-git,fix-git__3cfafddd,pass,1.00,34542,2673,28799,37215,0.12,1m 23s,83,"7/9/2026, 6:21:05 AM",,2.1.205
fix-git,fix-git__60f58a85,pass,1.00,18899,2142,15654,21041,0.10,1m 8s,68,"7/9/2026, 7:59:01 AM",,2.1.205
fix-git,fix-git__9f11cea0,pass,1.00,23203,2710,19068,25913,0.12,1m 15s,75,"7/9/2026, 7:30:18 AM",,2.1.205
fix-ocaml-gc,fix-ocaml-gc__2cab60ec,pass,1.00,279344,9574,226554,288918,0.68,19m 45s,1185,"7/9/2026, 7:38:54 AM",,2.1.205
fix-ocaml-gc,fix-ocaml-gc__3c6dcb4b,pass,1.00,748064,12948,704180,761012,0.95,20m 32s,1232,"7/9/2026, 6:49:06 AM",,2.1.205
fix-ocaml-gc,fix-ocaml-gc__745f3b5a,pass,1.00,240988,8292,189684,249280,0.62,20m 52s,1252,"7/9/2026, 7:00:27 AM",,2.1.205
fix-ocaml-gc,fix-ocaml-gc__8933c017,pass,1.00,1147676,9953,1101874,1157629,1.08,43m 8s,2588,"7/9/2026, 7:14:38 AM",,2.1.205
fix-ocaml-gc,fix-ocaml-gc__c2423547,pass,1.00,408854,7716,302941,416570,1.01,19m 34s,1174,"7/9/2026, 7:56:25 AM",,2.1.205
gcode-to-text,gcode-to-text__20c75a6c,pass,1.00,218746,11768,195075,230514,0.54,3m 33s,213,"7/9/2026, 7:57:30 AM",,2.1.205
gcode-to-text,gcode-to-text__5d24a2a9,pass,1.00,71026,4792,62775,75818,0.20,3m 15s,195,"7/9/2026, 7:15:11 AM",,2.1.205
gcode-to-text,gcode-to-text__5e30f05d,pass,1.00,29668,2485,24522,32153,0.11,2m 9s,129,"7/9/2026, 7:14:04 AM",,2.1.205
gcode-to-text,gcode-to-text__a39fe3e8,pass,1.00,67624,3987,58509,71611,0.19,1m 54s,114,"7/9/2026, 6:57:43 AM",,2.1.205
gcode-to-text,gcode-to-text__d4bd9378,pass,1.00,419379,14091,393912,433470,0.71,12m 17s,737,"7/9/2026, 7:27:21 AM",,2.1.205
git-leak-recovery,git-leak-recovery__2e543e34,pass,1.00,38811,3009,34851,41820,0.12,1m 39s,99,"7/9/2026, 6:21:31 AM",,2.1.205
git-leak-recovery,git-leak-recovery__376a8f15,pass,1.00,25847,2693,22505,28540,0.10,1m 39s,99,"7/9/2026, 6:58:23 AM",,2.1.205
git-leak-recovery,git-leak-recovery__5d3521bd,pass,1.00,31753,2983,27551,34736,0.11,1m 21s,81,"7/9/2026, 6:12:56 AM",,2.1.205
git-leak-recovery,git-leak-recovery__60558e68,pass,1.00,23527,2093,20682,25620,0.08,1m 14s,74,"7/9/2026, 7:44:37 AM",,2.1.205
git-leak-recovery,git-leak-recovery__df7d6ee6,pass,1.00,26515,2326,23167,28841,0.09,1m 21s,81,"7/9/2026, 6:29:42 AM",,2.1.205
git-multibranch,git-multibranch__0ee5e54d,pass,1.00,85007,5652,77288,90659,0.23,2m 51s,171,"7/9/2026, 7:39:47 AM",,2.1.205
git-multibranch,git-multibranch__25e519eb,pass,1.00,123700,7042,113318,130742,0.30,4m 53s,293,"7/9/2026, 6:13:14 AM",,2.1.205
git-multibranch,git-multibranch__379e1bfc,pass,1.00,85371,6062,77158,91433,0.24,2m 56s,176,"7/9/2026, 7:41:56 AM",,2.1.205
git-multibranch,git-multibranch__b2df1a29,pass,1.00,111434,7315,101910,118749,0.29,2m 58s,178,"7/9/2026, 6:21:17 AM",,2.1.205
git-multibranch,git-multibranch__e4d4a30e,pass,1.00,114541,7621,104027,122162,0.31,3m 5s,185,"7/9/2026, 7:04:55 AM",,2.1.205
gpt2-codegolf,gpt2-codegolf__11de031e,pass,1.00,412080,48182,349643,460262,1.77,12m 35s,755,"7/9/2026, 7:29:14 AM",,2.1.205
gpt2-codegolf,gpt2-codegolf__23615a86,pass,1.00,394519,48197,343677,442716,,16m 44s,1004,"7/9/2026, 6:37:15 AM",AgentTimeoutError,2.1.205
gpt2-codegolf,gpt2-codegolf__2ac76a9a,fail,0.00,609029,44346,559656,653375,,15m 36s,936,"7/9/2026, 6:42:29 AM",AgentTimeoutError,2.1.205
gpt2-codegolf,gpt2-codegolf__379571ec,fail,0.00,1603592,50525,1533595,1654117,,15m 30s,930,"7/9/2026, 7:40:09 AM",AgentTimeoutError,2.1.205
gpt2-codegolf,gpt2-codegolf__722e7073,fail,0.00,305669,39095,265517,344764,,15m 47s,947,"7/9/2026, 7:40:33 AM",AgentTimeoutError,2.1.205
headless-terminal,headless-terminal__1e407a42,pass,1.00,57251,5976,50427,63227,0.22,4m 36s,276,"7/9/2026, 7:14:28 AM",,2.1.205
headless-terminal,headless-terminal__2374c222,pass,1.00,65651,6173,58701,71824,0.23,2m 14s,134,"7/9/2026, 6:12:37 AM",,2.1.205
headless-terminal,headless-terminal__863147dd,fail,0.00,72549,5643,66043,78192,0.21,2m 18s,138,"7/9/2026, 6:27:06 AM",,2.1.205
headless-terminal,headless-terminal__cb5e890f,pass,1.00,53628,5176,47898,58804,0.19,2m 11s,131,"7/9/2026, 7:18:17 AM",,2.1.205
headless-terminal,headless-terminal__e770d8d3,pass,1.00,37424,5807,30999,43231,0.20,2m 24s,144,"7/9/2026, 7:39:47 AM",,2.1.205
hf-model-inference,hf-model-inference__22162453,pass,1.00,27444,3206,21118,30650,0.13,1m 25s,85,"7/9/2026, 6:11:29 AM",,2.1.205
hf-model-inference,hf-model-inference__4c843820,pass,1.00,30917,3233,25876,34150,0.12,1m 48s,108,"7/9/2026, 6:33:48 AM",,2.1.205
hf-model-inference,hf-model-inference__b3de77f9,pass,1.00,29470,3025,26005,32495,0.11,1m 43s,103,"7/9/2026, 7:25:26 AM",,2.1.205
hf-model-inference,hf-model-inference__bd9c008a,pass,1.00,31296,2904,26512,34200,0.12,1m 35s,95,"7/9/2026, 6:44:22 AM",,2.1.205
hf-model-inference,hf-model-inference__fc769f03,pass,1.00,37175,3466,31857,40641,0.14,1m 48s,108,"7/9/2026, 7:23:04 AM",,2.1.205
install-windows-3.11,install-windows-3.11__5810c2a6,pass,1.00,1830224,34395,1774076,1864619,2.10,26m 58s,1618,"7/9/2026, 6:14:37 AM",,2.1.205
install-windows-3.11,install-windows-3.11__66b99806,fail,0.00,1574485,31265,1523694,1605750,1.86,20m 13s,1213,"7/9/2026, 7:27:41 AM",,2.1.205
install-windows-3.11,install-windows-3.11__7642fd08,pass,1.00,879935,18845,845703,898780,1.11,11m 38s,698,"7/9/2026, 6:16:06 AM",,2.1.205
install-windows-3.11,install-windows-3.11__c82ac054,fail,0.00,773288,20229,739290,793517,1.09,10m 19s,619,"7/9/2026, 7:06:41 AM",,2.1.205
install-windows-3.11,install-windows-3.11__dfff16f0,fail,0.00,1854804,34453,1802807,1889257,2.09,20m 28s,1228,"7/9/2026, 6:11:32 AM",,2.1.205
kv-store-grpc,kv-store-grpc__3afc23ef,pass,1.00,27906,2494,25009,30400,0.09,1m 6s,66,"7/9/2026, 7:59:22 AM",,2.1.205
kv-store-grpc,kv-store-grpc__a8613c5c,pass,1.00,27864,2531,24897,30395,0.09,1m 9s,69,"7/9/2026, 7:34:44 AM",,2.1.205
kv-store-grpc,kv-store-grpc__d098dde2,pass,1.00,29807,2916,26448,32723,0.11,1m 14s,74,"7/9/2026, 7:21:24 AM",,2.1.205
kv-store-grpc,kv-store-grpc__f470742e,pass,1.00,32956,3027,28355,35983,0.12,1m 28s,88,"7/9/2026, 7:42:16 AM",,2.1.205
kv-store-grpc,kv-store-grpc__f84dcefb,pass,1.00,38600,2878,34025,41478,0.12,1m 26s,86,"7/9/2026, 6:11:42 AM",,2.1.205
large-scale-text-editing,large-scale-text-editing__1b779632,pass,1.00,50329,5115,44778,55444,0.18,3m 19s,199,"7/9/2026, 8:01:12 AM",,2.1.205
large-scale-text-editing,large-scale-text-editing__2585a1fb,pass,1.00,32485,3971,27145,36456,0.15,2m 48s,168,"7/9/2026, 7:56:14 AM",,2.1.205
large-scale-text-editing,large-scale-text-editing__3d344cff,pass,1.00,39333,4621,34523,43954,0.16,3m 18s,198,"7/9/2026, 7:06:17 AM",,2.1.205
large-scale-text-editing,large-scale-text-editing__be77f1d6,pass,1.00,31268,4136,26360,35404,0.15,2m 42s,162,"7/9/2026, 7:02:39 AM",,2.1.205
large-scale-text-editing,large-scale-text-editing__c15a6a1b,pass,1.00,30496,2989,26745,33485,0.11,2m 43s,163,"7/9/2026, 6:18:42 AM",,2.1.205
largest-eigenval,largest-eigenval__39d23990,pass,1.00,77665,8982,66479,86647,0.33,2m 56s,176,"7/9/2026, 7:33:06 AM",,2.1.205
largest-eigenval,largest-eigenval__5337ba91,pass,1.00,62008,4045,55320,66053,0.17,1m 38s,98,"7/9/2026, 7:32:46 AM",,2.1.205
largest-eigenval,largest-eigenval__5f792ad1,pass,1.00,58793,6670,49694,65463,0.25,2m 9s,129,"7/9/2026, 7:48:02 AM",,2.1.205
largest-eigenval,largest-eigenval__806b31b5,pass,1.00,58317,5329,51212,63646,0.20,1m 48s,108,"7/9/2026, 7:08:07 AM",,2.1.205
largest-eigenval,largest-eigenval__d7e30125,pass,1.00,515610,19256,490288,534866,0.88,8m 17s,497,"7/9/2026, 7:02:17 AM",,2.1.205
llm-inference-batching-scheduler,llm-inference-batching-scheduler__35dd46fe,pass,1.00,576352,33597,525706,609949,1.42,8m 15s,495,"7/9/2026, 6:46:23 AM",,2.1.205
llm-inference-batching-scheduler,llm-inference-batching-scheduler__3f55501a,pass,1.00,590474,30192,547468,620666,1.30,11m 36s,696,"7/9/2026, 7:03:58 AM",,2.1.205
llm-inference-batching-scheduler,llm-inference-batching-scheduler__ab08fd8a,pass,1.00,804053,43081,742266,847134,1.83,10m 30s,630,"7/9/2026, 6:11:32 AM",,2.1.205
llm-inference-batching-scheduler,llm-inference-batching-scheduler__f5ed7389,pass,1.00,681577,34937,630548,716514,1.51,8m 44s,524,"7/9/2026, 6:32:59 AM",,2.1.205
llm-inference-batching-scheduler,llm-inference-batching-scheduler__f6c1a664,fail,0.00,525157,39983,472449,565140,1.57,10m 23s,623,"7/9/2026, 7:50:17 AM",,2.1.205
log-summary-date-ranges,log-summary-date-ranges__b1ae3924,pass,1.00,10969,1293,7457,12262,0.06,56s,56,"7/9/2026, 7:11:54 AM",,2.1.205
log-summary-date-ranges,log-summary-date-ranges__b9068394,pass,1.00,10096,1589,6922,11685,0.06,44s,44,"7/9/2026, 6:58:31 AM",,2.1.205
log-summary-date-ranges,log-summary-date-ranges__c7d81481,pass,1.00,9980,1397,7627,11377,0.05,45s,45,"7/9/2026, 6:58:42 AM",,2.1.205
log-summary-date-ranges,log-summary-date-ranges__d6b82bcf,pass,1.00,10084,1469,6932,11553,0.06,59s,59,"7/9/2026, 7:29:31 AM",,2.1.205
log-summary-date-ranges,log-summary-date-ranges__e1ebe33f,pass,1.00,10359,1355,7139,11714,0.06,40s,40,"7/9/2026, 6:48:21 AM",,2.1.205
mailman,mailman__009683da,pass,1.00,1660014,40962,1591553,1700976,2.25,18m 30s,1110,"7/9/2026, 6:44:43 AM",,2.1.205
mailman,mailman__7469bed5,pass,1.00,382784,15195,357862,397979,0.71,7m 50s,470,"7/9/2026, 6:49:28 AM",,2.1.205
mailman,mailman__a9fa4d76,pass,1.00,351726,14896,323524,366622,0.71,5m 17s,317,"7/9/2026, 6:36:23 AM",,2.1.205
mailman,mailman__aafacb83,pass,1.00,340647,14282,315195,354929,0.67,5m 43s,343,"7/9/2026, 6:52:40 AM",,2.1.205
mailman,mailman__d3c35c17,pass,1.00,544971,15902,512579,560873,0.86,6m 40s,400,"7/9/2026, 8:02:46 AM",,2.1.205
make-doom-for-mips,make-doom-for-mips__10d7e264,fail,0.00,3474870,60183,3345209,3535053,,16m 10s,970,"7/9/2026, 7:34:17 AM",AgentTimeoutError,2.1.205
make-doom-for-mips,make-doom-for-mips__3e0b6026,fail,0.00,1789426,50072,1703364,1839498,,16m 11s,971,"7/9/2026, 8:06:35 AM",AgentTimeoutError,2.1.205
make-doom-for-mips,make-doom-for-mips__6e713be9,fail,0.00,3252282,61309,3129208,3313591,,16m 13s,973,"7/9/2026, 6:20:57 AM",AgentTimeoutError,2.1.205
make-doom-for-mips,make-doom-for-mips__ea0c5b8a,fail,0.00,1938118,47835,1841665,1985953,,16m 16s,976,"7/9/2026, 6:46:16 AM",AgentTimeoutError,2.1.205
make-doom-for-mips,make-doom-for-mips__f09c5398,fail,0.00,2476324,53043,2372850,2529367,,16m 16s,976,"7/9/2026, 6:30:21 AM",AgentTimeoutError,2.1.205
make-mips-interpreter,make-mips-interpreter__669d4e8a,pass,1.00,1459042,65006,1313142,1524048,3.19,15m 29s,929,"7/9/2026, 8:02:51 AM",,2.1.205
make-mips-interpreter,make-mips-interpreter__a0b3fa68,pass,1.00,1470700,55499,1379445,1526199,2.65,13m 29s,809,"7/9/2026, 7:39:10 AM",,2.1.205
make-mips-interpreter,make-mips-interpreter__ae88c734,pass,1.00,1834164,60013,1738235,1894177,2.97,15m 56s,956,"7/9/2026, 6:24:32 AM",,2.1.205
make-mips-interpreter,make-mips-interpreter__b389f971,pass,1.00,2275042,54672,2184879,2329714,3.02,16m 2s,962,"7/9/2026, 6:11:33 AM",,2.1.205
make-mips-interpreter,make-mips-interpreter__bd15303b,pass,1.00,1512226,55639,1373443,1567865,2.95,17m 2s,1022,"7/9/2026, 6:45:42 AM",,2.1.205
mcmc-sampling-stan,mcmc-sampling-stan__22305904,pass,1.00,170611,11766,145369,182377,0.52,19m 37s,1177,"7/9/2026, 7:44:30 AM",,2.1.205
mcmc-sampling-stan,mcmc-sampling-stan__52b2fd87,pass,1.00,315514,10740,296655,326254,0.53,14m 52s,892,"7/9/2026, 7:41:18 AM",,2.1.205
mcmc-sampling-stan,mcmc-sampling-stan__5dd6fae9,pass,1.00,384753,9042,364068,393795,0.54,22m 8s,1328,"7/9/2026, 6:34:30 AM",,2.1.205
mcmc-sampling-stan,mcmc-sampling-stan__a24222a7,pass,1.00,667463,11740,627179,679203,0.86,17m 46s,1066,"7/9/2026, 7:21:00 AM",,2.1.205
mcmc-sampling-stan,mcmc-sampling-stan__a50181bd,pass,1.00,115116,4891,100290,120007,0.27,10m 27s,627,"7/9/2026, 7:09:18 AM",,2.1.205
merge-diff-arc-agi-task,merge-diff-arc-agi-task__7cbfffe8,pass,1.00,100899,6023,90713,106922,0.26,2m 5s,125,"7/9/2026, 6:11:39 AM",,2.1.205
merge-diff-arc-agi-task,merge-diff-arc-agi-task__ae742404,pass,1.00,99368,8570,88197,107938,0.33,3m 5s,185,"7/9/2026, 7:08:18 AM",,2.1.205
merge-diff-arc-agi-task,merge-diff-arc-agi-task__e3b376ed,pass,1.00,96874,5625,87656,102499,0.24,2m 57s,177,"7/9/2026, 6:54:46 AM",,2.1.205
merge-diff-arc-agi-task,merge-diff-arc-agi-task__e3ca3b2a,pass,1.00,145679,6660,134872,152339,0.30,3m 7s,187,"7/9/2026, 7:05:50 AM",,2.1.205
merge-diff-arc-agi-task,merge-diff-arc-agi-task__e49a26ef,pass,1.00,63509,5514,55478,69023,0.22,2m 44s,164,"7/9/2026, 7:43:12 AM",,2.1.205
model-extraction-relu-logits,model-extraction-relu-logits__1de9a774,fail,0.00,29549,5298,23813,34847,0.18,1m 59s,119,"7/9/2026, 8:04:28 AM",,2.1.205
model-extraction-relu-logits,model-extraction-relu-logits__79a34080,pass,1.00,106388,8623,96672,115011,0.32,3m 10s,190,"7/9/2026, 6:49:08 AM",,2.1.205
model-extraction-relu-logits,model-extraction-relu-logits__c033babf,fail,0.00,80221,9162,70200,89383,0.33,2m 58s,178,"7/9/2026, 6:16:57 AM",,2.1.205
model-extraction-relu-logits,model-extraction-relu-logits__e14f3f8d,fail,0.00,75785,9562,63072,85347,0.35,2m 56s,176,"7/9/2026, 6:13:01 AM",,2.1.205
model-extraction-relu-logits,model-extraction-relu-logits__ecddb8c8,fail,0.00,69026,9135,58963,78161,0.32,3m 0s,180,"7/9/2026, 7:55:27 AM",,2.1.205
modernize-scientific-stack,modernize-scientific-stack__07a4567d,pass,1.00,30139,2606,25062,32745,0.11,1m 17s,77,"7/9/2026, 6:28:51 AM",,2.1.205
modernize-scientific-stack,modernize-scientific-stack__1cd349f7,pass,1.00,23422,2261,18735,25683,0.10,1m 3s,63,"7/9/2026, 7:17:08 AM",,2.1.205
modernize-scientific-stack,modernize-scientific-stack__3aecf853,pass,1.00,29677,2317,24709,31994,0.10,1m 6s,66,"7/9/2026, 6:43:39 AM",,2.1.205
modernize-scientific-stack,modernize-scientific-stack__4d80cbf8,pass,1.00,30042,2603,24991,32645,0.11,1m 17s,77,"7/9/2026, 7:30:24 AM",,2.1.205
modernize-scientific-stack,modernize-scientific-stack__53413a35,pass,1.00,35464,2800,30228,38264,0.12,1m 27s,87,"7/9/2026, 6:57:40 AM",,2.1.205
mteb-leaderboard,mteb-leaderboard__12686c7f,pass,1.00,259451,9114,238061,268565,0.48,15m 57s,957,"7/9/2026, 7:03:56 AM",,2.1.205
mteb-leaderboard,mteb-leaderboard__3649f19b,pass,1.00,106718,5490,95864,112208,0.25,12m 36s,756,"7/9/2026, 6:45:20 AM",,2.1.205
mteb-leaderboard,mteb-leaderboard__595bd299,pass,1.00,113225,5442,101719,118667,0.26,12m 39s,759,"7/9/2026, 6:18:14 AM",,2.1.205
mteb-leaderboard,mteb-leaderboard__be874f0a,pass,1.00,330060,11035,307643,341095,0.57,15m 41s,941,"7/9/2026, 7:58:49 AM",,2.1.205
mteb-leaderboard,mteb-leaderboard__e8177093,pass,1.00,474963,11429,444264,486392,0.70,22m 42s,1362,"7/9/2026, 6:46:44 AM",,2.1.205
mteb-retrieve,mteb-retrieve__515daf39,fail,0.00,15886,1126,13820,17012,0.05,2m 46s,166,"7/9/2026, 7:19:00 AM",,2.1.205
mteb-retrieve,mteb-retrieve__54cf3d2c,pass,1.00,55850,2355,50175,58205,0.12,3m 1s,181,"7/9/2026, 7:27:17 AM",,2.1.205
mteb-retrieve,mteb-retrieve__5f7a8a90,pass,1.00,53409,3168,47224,56577,0.14,3m 31s,211,"7/9/2026, 7:06:23 AM",,2.1.205
mteb-retrieve,mteb-retrieve__93e8290b,fail,0.00,15588,1116,13988,16704,0.04,2m 28s,148,"7/9/2026, 7:33:36 AM",,2.1.205
mteb-retrieve,mteb-retrieve__e7c5ebc3,fail,0.00,19365,1644,16789,21009,0.07,2m 19s,139,"7/9/2026, 8:04:29 AM",,2.1.205
multi-source-data-merger,multi-source-data-merger__2455c32a,pass,1.00,23389,5070,17054,28459,0.17,1m 43s,103,"7/9/2026, 7:28:14 AM",,2.1.205
multi-source-data-merger,multi-source-data-merger__4946875b,pass,1.00,24328,4819,17807,29147,0.17,1m 41s,101,"7/9/2026, 8:06:13 AM",,2.1.205
multi-source-data-merger,multi-source-data-merger__4f634a50,pass,1.00,26094,5144,19254,31238,0.18,1m 59s,119,"7/9/2026, 6:57:24 AM",,2.1.205
multi-source-data-merger,multi-source-data-merger__aeca5918,pass,1.00,20626,4780,14227,25406,0.17,1m 31s,91,"7/9/2026, 6:18:03 AM",,2.1.205
multi-source-data-merger,multi-source-data-merger__b90b938a,pass,1.00,22773,4568,16679,27341,0.16,1m 40s,100,"7/9/2026, 7:42:43 AM",,2.1.205
nginx-request-logging,nginx-request-logging__57566539,pass,1.00,64913,4147,56308,69060,0.19,1m 51s,111,"7/9/2026, 6:27:54 AM",,2.1.205
nginx-request-logging,nginx-request-logging__57649021,pass,1.00,70569,4043,63231,74612,0.18,2m 13s,133,"7/9/2026, 7:01:43 AM",,2.1.205
nginx-request-logging,nginx-request-logging__816ab39b,pass,1.00,72769,3849,65144,76618,0.18,1m 57s,117,"7/9/2026, 7:35:33 AM",,2.1.205
nginx-request-logging,nginx-request-logging__9fea57d0,pass,1.00,66333,3943,59500,70276,0.17,1m 56s,116,"7/9/2026, 6:32:28 AM",,2.1.205
nginx-request-logging,nginx-request-logging__c1120e44,pass,1.00,49574,3523,43146,53097,0.15,1m 38s,98,"7/9/2026, 6:41:49 AM",,2.1.205
openssl-selfsigned-cert,openssl-selfsigned-cert__1a09966b,pass,1.00,57015,4859,50556,61874,0.19,1m 54s,114,"7/9/2026, 7:01:08 AM",,2.1.205
openssl-selfsigned-cert,openssl-selfsigned-cert__207ceb0f,pass,1.00,55802,5106,49135,60908,0.19,1m 46s,106,"7/9/2026, 7:26:21 AM",,2.1.205
openssl-selfsigned-cert,openssl-selfsigned-cert__2532a989,fail,0.00,44494,4458,38320,48952,0.17,1m 38s,98,"7/9/2026, 6:16:16 AM",,2.1.205
openssl-selfsigned-cert,openssl-selfsigned-cert__9071d19a,pass,1.00,39096,4753,32803,43849,0.17,1m 31s,91,"7/9/2026, 6:27:32 AM",,2.1.205
openssl-selfsigned-cert,openssl-selfsigned-cert__ebe66980,pass,1.00,43607,4599,37712,48206,0.17,1m 56s,116,"7/9/2026, 6:50:32 AM",,2.1.205
overfull-hbox,overfull-hbox__01a0fe50,pass,1.00,109361,6263,95305,115624,0.29,3m 43s,223,"7/9/2026, 7:07:15 AM",,2.1.205
overfull-hbox,overfull-hbox__1aab033b,pass,1.00,181905,11172,162495,193077,0.48,6m 35s,395,"7/9/2026, 7:14:45 AM",,2.1.205
overfull-hbox,overfull-hbox__4732e714,pass,1.00,84365,6324,71127,90689,0.28,4m 10s,250,"7/9/2026, 6:11:34 AM",,2.1.205
overfull-hbox,overfull-hbox__7a126263,fail,0.00,124319,7224,108202,131543,0.33,4m 6s,246,"7/9/2026, 7:58:36 AM",,2.1.205
overfull-hbox,overfull-hbox__eb695e17,pass,1.00,123054,6155,109736,129209,0.29,4m 25s,265,"7/9/2026, 6:13:46 AM",,2.1.205
password-recovery,password-recovery__1a651cfd,pass,1.00,146648,11768,130061,158416,0.46,3m 29s,209,"7/9/2026, 6:58:34 AM",,2.1.205
password-recovery,password-recovery__2e20e085,pass,1.00,179516,15722,157958,195238,0.61,4m 26s,266,"7/9/2026, 6:20:01 AM",,2.1.205
password-recovery,password-recovery__3c081177,pass,1.00,144221,12485,125838,156706,0.49,4m 5s,245,"7/9/2026, 7:28:54 AM",,2.1.205
password-recovery,password-recovery__572d9eaf,pass,1.00,204268,23791,174015,228059,0.87,8m 19s,499,"7/9/2026, 6:52:37 AM",,2.1.205
password-recovery,password-recovery__745bb1cd,pass,1.00,92258,7049,80069,99307,0.29,2m 16s,136,"7/9/2026, 7:22:36 AM",,2.1.205
path-tracing,path-tracing__1917ee88,pass,1.00,3028976,86223,2918063,3115199,,30m 54s,1854,"7/9/2026, 8:04:15 AM",AgentTimeoutError,2.1.205
path-tracing,path-tracing__2cdcf0af,pass,1.00,1523906,53537,1457739,1577443,2.48,19m 34s,1174,"7/9/2026, 7:20:54 AM",,2.1.205
path-tracing,path-tracing__91ea1cbd,pass,1.00,2835039,65312,2755522,2900351,3.51,21m 15s,1275,"7/9/2026, 6:24:21 AM",,2.1.205
path-tracing,path-tracing__afa9e30f,pass,1.00,1387439,48589,1329744,1436028,,31m 4s,1864,"7/9/2026, 7:22:25 AM",AgentTimeoutError,2.1.205
path-tracing,path-tracing__d673093a,fail,0.00,1266334,47375,1202335,1313709,,31m 15s,1875,"7/9/2026, 7:13:21 AM",AgentTimeoutError,2.1.205
path-tracing-reverse,path-tracing-reverse__510b592e,pass,1.00,1344321,99003,1095967,1443324,4.58,22m 44s,1364,"7/9/2026, 6:11:33 AM",,2.1.205
path-tracing-reverse,path-tracing-reverse__6efe3c24,pass,1.00,3351948,85633,3159359,3437581,4.92,19m 38s,1178,"7/9/2026, 7:09:45 AM",,2.1.205
path-tracing-reverse,path-tracing-reverse__afb9fcc4,pass,1.00,1864685,74572,1748837,1939257,3.46,17m 59s,1079,"7/9/2026, 6:31:23 AM",,2.1.205
path-tracing-reverse,path-tracing-reverse__c3a74a99,pass,1.00,5982465,127739,5785507,6110204,7.32,30m 42s,1842,"7/9/2026, 6:11:39 AM",,2.1.205
path-tracing-reverse,path-tracing-reverse__d73d3d01,pass,1.00,3990669,119728,3692084,4110397,6.71,28m 19s,1699,"7/9/2026, 8:02:49 AM",,2.1.205
polyglot-c-py,polyglot-c-py__03eaedb6,pass,1.00,60009,8863,50443,68872,0.31,2m 59s,179,"7/9/2026, 6:11:30 AM",,2.1.205
polyglot-c-py,polyglot-c-py__165c8414,pass,1.00,70881,10762,59231,81643,0.37,3m 43s,223,"7/9/2026, 6:33:26 AM",,2.1.205
polyglot-c-py,polyglot-c-py__2c11b282,pass,1.00,33375,3497,29161,36872,0.13,1m 57s,117,"7/9/2026, 6:57:01 AM",,2.1.205
polyglot-c-py,polyglot-c-py__79ebe8cd,pass,1.00,70632,9019,60957,79651,0.32,3m 10s,190,"7/9/2026, 7:40:09 AM",,2.1.205
polyglot-c-py,polyglot-c-py__9149f3db,pass,1.00,66222,8661,56820,74883,0.30,3m 9s,189,"7/9/2026, 6:23:48 AM",,2.1.205
polyglot-rust-c,polyglot-rust-c__5f90f79f,pass,1.00,134221,32116,102336,166337,1.05,8m 17s,497,"7/9/2026, 8:03:02 AM",,2.1.205
polyglot-rust-c,polyglot-rust-c__6a159d0a,pass,1.00,400156,40069,358990,440225,1.44,10m 46s,646,"7/9/2026, 8:00:13 AM",,2.1.205
polyglot-rust-c,polyglot-rust-c__7562fde1,pass,1.00,108526,20604,87809,129130,0.69,5m 59s,359,"7/9/2026, 7:38:27 AM",,2.1.205
polyglot-rust-c,polyglot-rust-c__c0f9437a,pass,1.00,230426,37564,192379,267990,1.27,10m 10s,610,"7/9/2026, 6:34:41 AM",,2.1.205
polyglot-rust-c,polyglot-rust-c__f543d78c,pass,1.00,423267,52764,369516,476031,1.84,15m 5s,905,"7/9/2026, 8:04:39 AM",,2.1.205
portfolio-optimization,portfolio-optimization__01bacf7c,pass,1.00,60449,3736,51816,64185,0.17,3m 39s,219,"7/9/2026, 7:14:40 AM",,2.1.205
portfolio-optimization,portfolio-optimization__18143ea5,pass,1.00,100428,3157,90948,103585,0.18,4m 28s,268,"7/9/2026, 7:22:47 AM",,2.1.205
portfolio-optimization,portfolio-optimization__2e521f33,pass,1.00,82969,5259,71478,88228,0.24,4m 8s,248,"7/9/2026, 6:11:37 AM",,2.1.205
portfolio-optimization,portfolio-optimization__6d72a4e5,pass,1.00,53919,4111,44377,58030,0.18,3m 40s,220,"7/9/2026, 7:21:41 AM",,2.1.205
portfolio-optimization,portfolio-optimization__ef1f71f8,pass,1.00,111370,4450,100122,115820,0.23,4m 20s,260,"7/9/2026, 7:52:49 AM",,2.1.205
protein-assembly,protein-assembly__41de2ba8,fail,0.00,401396,31552,345590,432948,1.31,8m 51s,531,"7/9/2026, 6:18:57 AM",,2.1.205
protein-assembly,protein-assembly__48f1e7f2,fail,0.00,378731,28138,340466,406869,1.11,7m 10s,430,"7/9/2026, 7:32:54 AM",,2.1.205
protein-assembly,protein-assembly__55a07d9b,fail,0.00,341700,25681,302300,367381,1.04,6m 42s,402,"7/9/2026, 7:27:57 AM",,2.1.205
protein-assembly,protein-assembly__f350e145,fail,0.00,441670,34200,391536,475870,1.36,9m 52s,592,"7/9/2026, 7:05:52 AM",,2.1.205
protein-assembly,protein-assembly__f789d8f3,fail,0.00,0,0,0,0,0.01,43s,43,"7/9/2026, 7:03:08 AM",UnknownApiError,2.1.205
prove-plus-comm,prove-plus-comm__16ec39a7,pass,1.00,17115,1970,14803,19085,0.07,1m 16s,76,"7/9/2026, 6:11:38 AM",,2.1.205
prove-plus-comm,prove-plus-comm__4bb082c8,pass,1.00,13492,2105,11531,15597,0.07,1m 3s,63,"7/9/2026, 6:43:32 AM",,2.1.205
prove-plus-comm,prove-plus-comm__59c0b0fd,pass,1.00,12517,1662,10593,14179,0.06,54s,54,"7/9/2026, 6:42:29 AM",,2.1.205
prove-plus-comm,prove-plus-comm__7debac39,pass,1.00,13546,2149,11512,15695,0.07,1m 15s,75,"7/9/2026, 7:59:11 AM",,2.1.205
prove-plus-comm,prove-plus-comm__c88cb074,pass,1.00,10523,1644,8525,12167,0.06,52s,52,"7/9/2026, 7:55:14 AM",,2.1.205
pypi-server,pypi-server__83d1b2da,pass,1.00,47791,3186,42448,50977,0.13,1m 38s,98,"7/9/2026, 7:04:04 AM",,2.1.205
pypi-server,pypi-server__bf310a62,pass,1.00,57486,3276,51661,60762,0.14,1m 36s,96,"7/9/2026, 7:59:45 AM",,2.1.205
pypi-server,pypi-server__d1c629bb,pass,1.00,49986,2852,45098,52838,0.12,1m 40s,100,"7/9/2026, 7:19:52 AM",,2.1.205
pypi-server,pypi-server__d74307b6,pass,1.00,45263,3043,40070,48306,0.13,1m 31s,91,"7/9/2026, 6:11:39 AM",,2.1.205
pypi-server,pypi-server__da1d4ac2,pass,1.00,38244,2950,33721,41194,0.12,1m 27s,87,"7/9/2026, 6:54:29 AM",,2.1.205
pytorch-model-cli,pytorch-model-cli__33e07049,pass,1.00,119979,9657,106590,129636,0.38,5m 4s,304,"7/9/2026, 7:53:36 AM",,2.1.205
pytorch-model-cli,pytorch-model-cli__527bb8cb,fail,0.00,166733,9371,150549,176104,0.41,9m 11s,551,"7/9/2026, 7:45:59 AM",,2.1.205
pytorch-model-cli,pytorch-model-cli__57171730,fail,0.00,111724,9656,98721,121380,0.37,4m 8s,248,"7/9/2026, 7:10:42 AM",,2.1.205
pytorch-model-cli,pytorch-model-cli__bc299a25,fail,0.00,68097,7917,58567,76014,0.29,4m 20s,260,"7/9/2026, 6:11:35 AM",,2.1.205
pytorch-model-cli,pytorch-model-cli__f5d724d8,fail,0.00,84851,6380,76573,91231,0.25,4m 47s,287,"7/9/2026, 7:16:46 AM",,2.1.205
pytorch-model-recovery,pytorch-model-recovery__0077839b,pass,1.00,27557,3957,21015,31514,0.15,2m 59s,179,"7/9/2026, 6:13:50 AM",,2.1.205
pytorch-model-recovery,pytorch-model-recovery__103f0a00,pass,1.00,27664,3963,20720,31627,0.15,2m 53s,173,"7/9/2026, 7:03:19 AM",,2.1.205
pytorch-model-recovery,pytorch-model-recovery__353cc8d4,pass,1.00,21632,4245,15721,25877,0.15,2m 56s,176,"7/9/2026, 6:27:20 AM",,2.1.205
pytorch-model-recovery,pytorch-model-recovery__374f71be,pass,1.00,35349,4275,28080,39624,0.17,3m 15s,195,"7/9/2026, 6:23:16 AM",,2.1.205
pytorch-model-recovery,pytorch-model-recovery__cdc7202e,pass,1.00,27612,4099,20923,31711,0.15,3m 2s,182,"7/9/2026, 7:46:45 AM",,2.1.205
qemu-alpine-ssh,qemu-alpine-ssh__0c4a882c,pass,1.00,266278,14626,246108,280904,0.61,6m 5s,365,"7/9/2026, 7:01:04 AM",,2.1.205
qemu-alpine-ssh,qemu-alpine-ssh__6fde876a,fail,0.00,116063,11112,80646,127175,,16m 19s,979,"7/9/2026, 7:09:43 AM",AgentTimeoutError,2.1.205
qemu-alpine-ssh,qemu-alpine-ssh__d5e49c97,pass,1.00,390688,25109,360411,415797,,15m 34s,934,"7/9/2026, 6:59:23 AM",AgentTimeoutError,2.1.205
qemu-alpine-ssh,qemu-alpine-ssh__e3715351,fail,0.00,334849,16303,309491,351152,,16m 41s,1001,"7/9/2026, 7:42:21 AM",AgentTimeoutError,2.1.205
qemu-alpine-ssh,qemu-alpine-ssh__fafa47ac,fail,0.00,500668,20121,468746,520789,,15m 43s,943,"7/9/2026, 7:15:06 AM",AgentTimeoutError,2.1.205
qemu-startup,qemu-startup__00123a11,pass,1.00,75116,8845,64539,83961,0.32,3m 59s,239,"7/9/2026, 6:40:36 AM",,2.1.205
qemu-startup,qemu-startup__01bbbf30,fail,0.00,294361,20011,271117,314372,0.78,7m 11s,431,"7/9/2026, 7:30:37 AM",,2.1.205
qemu-startup,qemu-startup__68d2aec4,pass,1.00,28041,4500,23284,32541,0.15,2m 35s,155,"7/9/2026, 6:23:01 AM",,2.1.205
qemu-startup,qemu-startup__972aac6b,pass,1.00,274603,20348,250187,294951,0.79,9m 0s,540,"7/9/2026, 8:05:02 AM",,2.1.205
qemu-startup,qemu-startup__ed6ba15a,pass,1.00,68489,7687,58794,76176,0.28,3m 9s,189,"7/9/2026, 7:55:46 AM",,2.1.205
query-optimize,query-optimize__01c8e102,no data,,155952,5244,142661,161196,,45m 25s,2725,"7/9/2026, 6:18:20 AM",AgentTimeoutError,2.1.205
query-optimize,query-optimize__503d3560,no data,,20163,1101,14940,21264,,45m 31s,2731,"7/9/2026, 7:43:26 AM",AgentTimeoutError,2.1.205
query-optimize,query-optimize__a1bbb56f,no data,,134782,6271,124207,141053,,45m 24s,2724,"7/9/2026, 7:40:36 AM",AgentTimeoutError,2.1.205
query-optimize,query-optimize__a2f81ce0,fail,0.00,54038,4574,38506,58612,,45m 27s,2727,"7/9/2026, 8:00:17 AM",AgentTimeoutError,2.1.205
query-optimize,query-optimize__d7f673f7,fail,0.00,50324,5066,42825,55390,0.19,13m 7s,787,"7/9/2026, 6:34:37 AM",,2.1.205
raman-fitting,raman-fitting__0bb8bf72,fail,0.00,349104,44053,288849,393157,1.62,11m 27s,687,"7/9/2026, 7:19:59 AM",,2.1.205
raman-fitting,raman-fitting__117f95f1,fail,0.00,128427,12840,111631,141267,0.48,4m 17s,257,"7/9/2026, 6:44:41 AM",,2.1.205
raman-fitting,raman-fitting__1ea1d5d4,fail,0.00,277154,26146,244312,303300,0.98,7m 26s,446,"7/9/2026, 6:34:42 AM",,2.1.205
raman-fitting,raman-fitting__3ec434bc,fail,0.00,354928,25586,323526,380514,1.00,7m 34s,454,"7/9/2026, 6:44:59 AM",,2.1.205
raman-fitting,raman-fitting__727a3852,fail,0.00,255579,19669,229304,275248,0.77,5m 32s,332,"7/9/2026, 6:25:46 AM",,2.1.205
regex-chess,regex-chess__02227292,pass,1.00,2114085,133852,1993942,2247937,,1h 3m,3780,"7/9/2026, 6:25:16 AM",AgentTimeoutError,2.1.205
regex-chess,regex-chess__458d711f,pass,1.00,1256448,189057,1168019,1445505,,1h 7m,4020,"7/9/2026, 7:05:30 AM",AgentTimeoutError,2.1.205
regex-chess,regex-chess__7cea827b,pass,1.00,1282498,188698,1196960,1471196,,1h 2m,3720,"7/9/2026, 7:15:52 AM",AgentTimeoutError,2.1.205
regex-chess,regex-chess__8af33d1d,fail,0.00,22193,133722,5902,155915,,1h 0m,3600,"7/9/2026, 7:39:00 AM",AgentTimeoutError,2.1.205
regex-chess,regex-chess__db3c37a7,pass,1.00,2295482,135408,2157219,2430890,5.32,47m 24s,2844,"7/9/2026, 7:31:32 AM",,2.1.205
regex-log,regex-log__3b26283e,pass,1.00,95269,12502,81227,107771,0.44,3m 19s,199,"7/9/2026, 6:31:11 AM",,2.1.205
regex-log,regex-log__5c3615e7,pass,1.00,74222,11787,60969,86009,0.41,6m 7s,367,"7/9/2026, 7:41:29 AM",,2.1.205
regex-log,regex-log__6d17ec0e,pass,1.00,96718,16511,78663,113229,0.56,3m 55s,235,"7/9/2026, 7:31:29 AM",,2.1.205
regex-log,regex-log__a48495e6,pass,1.00,65657,11190,53582,76847,0.38,3m 31s,211,"7/9/2026, 6:17:42 AM",,2.1.205
regex-log,regex-log__b5672d04,pass,1.00,51205,9432,40330,60637,0.32,3m 20s,200,"7/9/2026, 6:26:36 AM",,2.1.205
reshard-c4-data,reshard-c4-data__0d6058e7,pass,1.00,245765,18643,221663,264408,0.73,8m 36s,516,"7/9/2026, 7:20:13 AM",,2.1.205
reshard-c4-data,reshard-c4-data__6dda8b9a,pass,1.00,409092,20142,382720,429234,0.86,8m 41s,521,"7/9/2026, 7:21:29 AM",,2.1.205
reshard-c4-data,reshard-c4-data__8de0e2df,pass,1.00,272735,21911,245888,294646,0.84,11m 27s,687,"7/9/2026, 6:20:51 AM",,2.1.205
reshard-c4-data,reshard-c4-data__bad71101,pass,1.00,191038,17093,170373,208131,0.64,6m 30s,390,"7/9/2026, 7:31:48 AM",,2.1.205
reshard-c4-data,reshard-c4-data__d980d20e,pass,1.00,289902,22956,263033,312858,0.87,6m 41s,401,"7/9/2026, 6:27:54 AM",,2.1.205
rstan-to-pystan,rstan-to-pystan__176105b2,pass,1.00,152198,6607,122633,158805,0.41,8m 28s,508,"7/9/2026, 7:38:23 AM",,2.1.205
rstan-to-pystan,rstan-to-pystan__a0f4b40f,pass,1.00,166062,7302,148616,173364,0.37,8m 0s,480,"7/9/2026, 7:51:15 AM",,2.1.205
rstan-to-pystan,rstan-to-pystan__ad751772,pass,1.00,110633,5359,97170,115992,0.27,7m 18s,438,"7/9/2026, 6:11:32 AM",,2.1.205
rstan-to-pystan,rstan-to-pystan__c5405622,pass,1.00,144525,8401,129329,152926,0.37,8m 5s,485,"7/9/2026, 6:52:55 AM",,2.1.205
rstan-to-pystan,rstan-to-pystan__c8bfcbac,pass,1.00,190755,7213,174508,197968,0.37,9m 9s,549,"7/9/2026, 7:29:06 AM",,2.1.205
sam-cell-seg,sam-cell-seg__1fbdda3b,pass,1.00,260270,15323,235018,275593,0.66,8m 22s,502,"7/9/2026, 6:11:32 AM",,2.1.205
sam-cell-seg,sam-cell-seg__5f8c05f8,pass,1.00,302831,14923,280668,317754,0.65,7m 7s,427,"7/9/2026, 7:36:46 AM",,2.1.205
sam-cell-seg,sam-cell-seg__8f6cd6cb,pass,1.00,332916,13461,307412,346377,0.65,7m 2s,422,"7/9/2026, 6:59:30 AM",,2.1.205
sam-cell-seg,sam-cell-seg__ef9b6917,pass,1.00,376797,14391,345668,391188,0.73,6m 36s,396,"7/9/2026, 7:18:22 AM",,2.1.205
sam-cell-seg,sam-cell-seg__fcab74b8,fail,0.00,352869,15753,328014,368622,0.71,5m 29s,329,"7/9/2026, 7:34:13 AM",,2.1.205
sanitize-git-repo,sanitize-git-repo__00b0296b,pass,1.00,170889,4121,140722,175010,0.36,1m 28s,88,"7/9/2026, 8:03:26 AM",,2.1.205
sanitize-git-repo,sanitize-git-repo__2ec74bfa,pass,1.00,268208,5573,233609,273781,0.47,1m 56s,116,"7/9/2026, 8:04:10 AM",,2.1.205
sanitize-git-repo,sanitize-git-repo__5cd8fb3f,pass,1.00,187581,5839,155428,193420,0.42,1m 58s,118,"7/9/2026, 6:25:28 AM",,2.1.205
sanitize-git-repo,sanitize-git-repo__7b451ba3,pass,1.00,272779,7065,227015,279844,0.58,2m 2s,122,"7/9/2026, 7:59:18 AM",,2.1.205
sanitize-git-repo,sanitize-git-repo__c416e820,pass,1.00,367098,6391,319952,373489,0.61,2m 8s,128,"7/9/2026, 7:46:58 AM",,2.1.205
schemelike-metacircular-eval,schemelike-metacircular-eval__24d348e1,pass,1.00,1340830,55437,1242532,1396267,2.61,23m 41s,1421,"7/9/2026, 7:03:53 AM",,2.1.205
schemelike-metacircular-eval,schemelike-metacircular-eval__6e1351ce,fail,0.00,2532712,59767,2424980,2592479,3.38,44m 58s,2698,"7/9/2026, 7:11:43 AM",,2.1.205
schemelike-metacircular-eval,schemelike-metacircular-eval__8617b391,pass,1.00,951805,41157,894952,992962,1.83,21m 32s,1292,"7/9/2026, 7:42:32 AM",,2.1.205
schemelike-metacircular-eval,schemelike-metacircular-eval__dc324f31,pass,1.00,362609,27798,324047,390407,1.10,13m 47s,827,"7/9/2026, 7:00:47 AM",,2.1.205
schemelike-metacircular-eval,schemelike-metacircular-eval__e3026bea,pass,1.00,575015,40201,517228,615216,1.62,15m 23s,923,"7/9/2026, 6:59:13 AM",,2.1.205
sparql-university,sparql-university__69154143,pass,1.00,110546,8888,94721,119434,0.37,2m 46s,166,"7/9/2026, 7:08:06 AM",,2.1.205
sparql-university,sparql-university__81ceffe6,pass,1.00,218832,12347,199384,231179,0.53,3m 38s,218,"7/9/2026, 7:57:52 AM",,2.1.205
sparql-university,sparql-university__9d3b6573,pass,1.00,143749,9906,127042,153655,0.42,2m 44s,164,"7/9/2026, 6:13:08 AM",,2.1.205
sparql-university,sparql-university__c05d8d0a,pass,1.00,196786,11234,178845,208020,0.48,3m 7s,187,"7/9/2026, 7:02:38 AM",,2.1.205
sparql-university,sparql-university__d485ba69,pass,1.00,100491,9258,84861,109749,0.37,2m 57s,177,"7/9/2026, 6:22:11 AM",,2.1.205
sqlite-db-truncate,sqlite-db-truncate__431c4b08,pass,1.00,37632,5251,31273,42883,0.19,1m 47s,107,"7/9/2026, 6:48:38 AM",,2.1.205
sqlite-db-truncate,sqlite-db-truncate__6b013355,pass,1.00,30533,6643,22770,37176,0.23,2m 20s,140,"7/9/2026, 7:00:11 AM",,2.1.205
sqlite-db-truncate,sqlite-db-truncate__8d50911b,pass,1.00,39239,12455,25808,51694,0.41,3m 0s,180,"7/9/2026, 7:11:29 AM",,2.1.205
sqlite-db-truncate,sqlite-db-truncate__aa7a8ebb,pass,1.00,31297,6065,24515,37362,0.21,1m 56s,116,"7/9/2026, 6:52:26 AM",,2.1.205
sqlite-db-truncate,sqlite-db-truncate__af6c8d22,pass,1.00,48267,8563,38533,56830,0.29,2m 37s,157,"7/9/2026, 6:21:22 AM",,2.1.205
sqlite-with-gcov,sqlite-with-gcov__1763cafe,pass,1.00,100092,4276,87418,104368,0.23,4m 11s,251,"7/9/2026, 7:52:23 AM",,2.1.205
sqlite-with-gcov,sqlite-with-gcov__1d10fb1a,pass,1.00,125336,4598,113299,129934,0.25,2m 47s,167,"7/9/2026, 6:35:31 AM",,2.1.205
sqlite-with-gcov,sqlite-with-gcov__1fca1585,pass,1.00,128598,4717,116124,133315,0.25,3m 23s,203,"7/9/2026, 7:56:43 AM",,2.1.205
sqlite-with-gcov,sqlite-with-gcov__a409eecf,pass,1.00,120212,4637,107114,124849,0.25,2m 38s,158,"7/9/2026, 6:20:02 AM",,2.1.205
sqlite-with-gcov,sqlite-with-gcov__f5a07499,pass,1.00,123595,4216,109412,127811,0.25,2m 39s,159,"7/9/2026, 7:12:25 AM",,2.1.205
torch-pipeline-parallelism,torch-pipeline-parallelism__0166e08d,pass,1.00,63844,15637,47327,79481,0.52,5m 46s,346,"7/9/2026, 6:37:16 AM",,2.1.205
torch-pipeline-parallelism,torch-pipeline-parallelism__115ad3bc,pass,1.00,212753,23841,185670,236594,0.86,7m 41s,461,"7/9/2026, 7:56:41 AM",,2.1.205
torch-pipeline-parallelism,torch-pipeline-parallelism__4037950f,pass,1.00,83901,19483,62667,103384,0.65,6m 49s,409,"7/9/2026, 6:14:22 AM",,2.1.205
torch-pipeline-parallelism,torch-pipeline-parallelism__7185a583,pass,1.00,177440,21791,147715,199231,0.80,8m 2s,482,"7/9/2026, 7:36:32 AM",,2.1.205
torch-pipeline-parallelism,torch-pipeline-parallelism__f367fe54,pass,1.00,56063,15202,39412,71265,0.50,5m 51s,351,"7/9/2026, 7:34:32 AM",,2.1.205
torch-tensor-parallelism,torch-tensor-parallelism__0b441f96,pass,1.00,22317,5193,17173,27510,0.17,4m 11s,251,"7/9/2026, 6:43:31 AM",,2.1.205
torch-tensor-parallelism,torch-tensor-parallelism__50c017e2,pass,1.00,38362,7489,30772,45851,0.25,4m 40s,280,"7/9/2026, 7:49:12 AM",,2.1.205
torch-tensor-parallelism,torch-tensor-parallelism__a23c60e4,pass,1.00,22896,5402,17506,28298,0.18,4m 57s,297,"7/9/2026, 6:15:52 AM",,2.1.205
torch-tensor-parallelism,torch-tensor-parallelism__de0d6766,pass,1.00,46208,6525,38823,52733,0.23,3m 45s,225,"7/9/2026, 6:29:53 AM",,2.1.205
torch-tensor-parallelism,torch-tensor-parallelism__f4382d82,pass,1.00,47911,6575,40520,54486,0.23,4m 9s,249,"7/9/2026, 6:56:30 AM",,2.1.205
train-fasttext,train-fasttext__193e5a56,fail,0.00,1028898,14729,989385,1043627,1.11,43m 20s,2600,"7/9/2026, 6:58:04 AM",,2.1.205
train-fasttext,train-fasttext__45ee86fe,fail,0.00,284856,11950,201556,296806,,1h 1m,3660,"7/9/2026, 7:49:57 AM",AgentTimeoutError,2.1.205
train-fasttext,train-fasttext__4b2c9657,fail,0.00,157578,7032,136703,164610,0.37,12m 43s,763,"7/9/2026, 7:26:11 AM",,2.1.205
train-fasttext,train-fasttext__ea319e1e,fail,0.00,204123,10205,142189,214328,,1h 2m,3720,"7/9/2026, 6:15:59 AM",AgentTimeoutError,2.1.205
train-fasttext,train-fasttext__fdaeb1a0,fail,0.00,442784,14733,387487,457517,0.91,42m 2s,2522,"7/9/2026, 6:15:00 AM",,2.1.205
tune-mjcf,tune-mjcf__157b0b24,pass,1.00,208710,12597,191047,221307,0.52,6m 35s,395,"7/9/2026, 6:48:04 AM",,2.1.205
tune-mjcf,tune-mjcf__3e14edad,pass,1.00,175835,14928,158075,190763,0.56,6m 52s,412,"7/9/2026, 6:14:58 AM",,2.1.205
tune-mjcf,tune-mjcf__5a93339a,pass,1.00,169573,11436,153298,181009,0.46,6m 15s,375,"7/9/2026, 6:59:36 AM",,2.1.205
tune-mjcf,tune-mjcf__78175d28,pass,1.00,113971,7785,101693,121756,0.32,5m 57s,357,"7/9/2026, 6:11:37 AM",,2.1.205
tune-mjcf,tune-mjcf__d4741ab4,pass,1.00,196295,14337,177889,210632,0.56,7m 56s,476,"7/9/2026, 7:12:58 AM",,2.1.205
video-processing,video-processing__35ebb997,pass,1.00,599916,27576,558388,627492,1.23,8m 3s,483,"7/9/2026, 6:57:47 AM",,2.1.205
video-processing,video-processing__3e68536a,fail,0.00,248302,20593,215333,268895,0.83,6m 23s,383,"7/9/2026, 7:05:56 AM",,2.1.205
video-processing,video-processing__6d82f702,fail,0.00,293510,12781,265972,306291,0.62,4m 26s,266,"7/9/2026, 7:21:52 AM",,2.1.205
video-processing,video-processing__7a531270,fail,0.00,109140,12874,88656,122014,0.49,3m 53s,233,"7/9/2026, 7:32:47 AM",,2.1.205
video-processing,video-processing__7d207fcb,fail,0.00,122275,15510,95574,137785,0.60,4m 34s,274,"7/9/2026, 7:28:55 AM",,2.1.205
vulnerable-secret,vulnerable-secret__111c56c9,pass,1.00,72814,2842,62487,75656,0.17,1m 31s,91,"7/9/2026, 7:02:16 AM",,2.1.205
vulnerable-secret,vulnerable-secret__3c325beb,pass,1.00,62028,2665,51961,64693,0.16,1m 26s,86,"7/9/2026, 6:47:06 AM",,2.1.205
vulnerable-secret,vulnerable-secret__44a31d8b,pass,1.00,45461,2525,36695,47986,0.14,1m 20s,80,"7/9/2026, 6:11:28 AM",,2.1.205
vulnerable-secret,vulnerable-secret__c35f9eda,pass,1.00,107042,4724,94575,111766,0.24,1m 53s,113,"7/9/2026, 7:57:20 AM",,2.1.205
vulnerable-secret,vulnerable-secret__c89932bc,pass,1.00,62374,2748,52056,65122,0.16,1m 21s,81,"7/9/2026, 7:18:36 AM",,2.1.205
winning-avg-corewars,winning-avg-corewars__8808eb85,pass,1.00,3078097,125193,2939112,3203290,5.47,33m 41s,2021,"7/9/2026, 6:32:36 AM",,2.1.205
winning-avg-corewars,winning-avg-corewars__a682b82e,pass,1.00,9238374,219737,8995554,9458111,,1h 0m,3600,"7/9/2026, 6:15:54 AM",AgentTimeoutError,2.1.205
winning-avg-corewars,winning-avg-corewars__b2f13882,pass,1.00,439812,35546,391862,475358,1.38,10m 0s,600,"7/9/2026, 8:00:48 AM",,2.1.205
winning-avg-corewars,winning-avg-corewars__cecf0340,pass,1.00,4023487,129652,3877696,4153139,6.09,34m 55s,2095,"7/9/2026, 6:52:31 AM",,2.1.205
winning-avg-corewars,winning-avg-corewars__cfb25bd6,pass,1.00,187759,19892,163924,207651,0.73,6m 8s,368,"7/9/2026, 6:56:02 AM",,2.1.205
write-compressor,write-compressor__2953356c,pass,1.00,379153,51611,324232,430764,1.80,13m 41s,821,"7/9/2026, 6:11:38 AM",,2.1.205
write-compressor,write-compressor__3c5fb7e3,pass,1.00,246693,36333,207668,283026,1.26,9m 40s,580,"7/9/2026, 6:25:43 AM",,2.1.205
write-compressor,write-compressor__614aaa8c,pass,1.00,278964,31348,246227,310312,1.11,8m 42s,522,"7/9/2026, 6:41:49 AM",,2.1.205
write-compressor,write-compressor__c62573ee,pass,1.00,269444,32195,235969,301639,1.13,8m 19s,499,"7/9/2026, 6:37:17 AM",,2.1.205
write-compressor,write-compressor__fdadee7b,pass,1.00,190215,30444,156675,220659,1.05,8m 22s,502,"7/9/2026, 6:36:59 AM",,2.1.205
